{
    "name": "root",
    "gauges": {
        "MoveToTarget.Policy.Entropy.mean": {
            "value": 1.3970013856887817,
            "min": 1.3970013856887817,
            "max": 1.4200482368469238,
            "count": 10
        },
        "MoveToTarget.Policy.Entropy.sum": {
            "value": 69843.0859375,
            "min": 69843.0859375,
            "max": 71378.7265625,
            "count": 10
        },
        "MoveToTarget.Environment.EpisodeLength.mean": {
            "value": 8.486907020872865,
            "min": 8.486907020872865,
            "max": 100.76844262295081,
            "count": 10
        },
        "MoveToTarget.Environment.EpisodeLength.sum": {
            "value": 44726.0,
            "min": 44726.0,
            "max": 49175.0,
            "count": 10
        },
        "MoveToTarget.Step.mean": {
            "value": 499994.0,
            "min": 49983.0,
            "max": 499994.0,
            "count": 10
        },
        "MoveToTarget.Step.sum": {
            "value": 499994.0,
            "min": 49983.0,
            "max": 499994.0,
            "count": 10
        },
        "MoveToTarget.Policy.ExtrinsicValueEstimate.mean": {
            "value": 9.498002052307129,
            "min": 0.8155328631401062,
            "max": 9.498002052307129,
            "count": 10
        },
        "MoveToTarget.Policy.ExtrinsicValueEstimate.sum": {
            "value": 50054.46875,
            "min": 826.134765625,
            "max": 50054.46875,
            "count": 10
        },
        "MoveToTarget.Environment.CumulativeReward.mean": {
            "value": 9.881593927893737,
            "min": 5.918032786885246,
            "max": 9.881593927893737,
            "count": 10
        },
        "MoveToTarget.Environment.CumulativeReward.sum": {
            "value": 52076.0,
            "min": 2888.0,
            "max": 52076.0,
            "count": 10
        },
        "MoveToTarget.Policy.ExtrinsicReward.mean": {
            "value": 9.881593927893737,
            "min": 5.918032786885246,
            "max": 9.881593927893737,
            "count": 10
        },
        "MoveToTarget.Policy.ExtrinsicReward.sum": {
            "value": 52076.0,
            "min": 2888.0,
            "max": 52076.0,
            "count": 10
        },
        "MoveToTarget.Losses.PolicyLoss.mean": {
            "value": 0.024565788068963833,
            "min": 0.020583866294085356,
            "max": 0.027998097843180098,
            "count": 10
        },
        "MoveToTarget.Losses.PolicyLoss.sum": {
            "value": 0.12282894034481917,
            "min": 0.08233546517634142,
            "max": 0.1399904892159005,
            "count": 10
        },
        "MoveToTarget.Losses.ValueLoss.mean": {
            "value": 0.5943795352801681,
            "min": 0.49008681585391367,
            "max": 2.238219668865204,
            "count": 10
        },
        "MoveToTarget.Losses.ValueLoss.sum": {
            "value": 2.9718976764008405,
            "min": 2.17417631149292,
            "max": 11.19109834432602,
            "count": 10
        },
        "MoveToTarget.Policy.LearningRate.mean": {
            "value": 1.6993294335599992e-05,
            "min": 1.6993294335599992e-05,
            "max": 0.00028455795514734995,
            "count": 10
        },
        "MoveToTarget.Policy.LearningRate.sum": {
            "value": 8.496647167799996e-05,
            "min": 8.496647167799996e-05,
            "max": 0.0012841212719595996,
            "count": 10
        },
        "MoveToTarget.Policy.Epsilon.mean": {
            "value": 0.10566439999999999,
            "min": 0.10566439999999999,
            "max": 0.19485265000000002,
            "count": 10
        },
        "MoveToTarget.Policy.Epsilon.sum": {
            "value": 0.528322,
            "min": 0.459536,
            "max": 0.9280403999999999,
            "count": 10
        },
        "MoveToTarget.Policy.Beta.mean": {
            "value": 0.00029265355999999996,
            "min": 0.00029265355999999996,
            "max": 0.004743147235,
            "count": 10
        },
        "MoveToTarget.Policy.Beta.sum": {
            "value": 0.0014632677999999997,
            "min": 0.0014632677999999997,
            "max": 0.02140921596,
            "count": 10
        },
        "MoveToTarget.IsTraining.mean": {
            "value": 1.0,
            "min": 1.0,
            "max": 1.0,
            "count": 10
        },
        "MoveToTarget.IsTraining.sum": {
            "value": 1.0,
            "min": 1.0,
            "max": 1.0,
            "count": 10
        }
    },
    "metadata": {
        "timer_format_version": "0.1.0",
        "start_time_seconds": "1733167588",
        "python_version": "3.10.6 (tags/v3.10.6:9c7b4bd, Aug  1 2022, 21:53:49) [MSC v.1932 64 bit (AMD64)]",
        "command_line_arguments": "E:\\ML\\ml\\venv\\Scripts\\mlagents-learn --run-id=Test7",
        "mlagents_version": "1.1.0",
        "mlagents_envs_version": "1.1.0",
        "communication_protocol_version": "1.5.0",
        "pytorch_version": "2.5.1+cpu",
        "numpy_version": "1.23.5",
        "end_time_seconds": "1733168116"
    },
    "total": 528.0428893000353,
    "count": 1,
    "self": 0.013304300024174154,
    "children": {
        "run_training.setup": {
            "total": 0.03198059997521341,
            "count": 1,
            "self": 0.03198059997521341
        },
        "TrainerController.start_learning": {
            "total": 527.9976044000359,
            "count": 1,
            "self": 1.9539738823659718,
            "children": {
                "TrainerController._reset_env": {
                    "total": 12.950716199935414,
                    "count": 1,
                    "self": 12.950716199935414
                },
                "TrainerController.advance": {
                    "total": 513.0308857177151,
                    "count": 82822,
                    "self": 1.5779947504634038,
                    "children": {
                        "env_step": {
                            "total": 352.5372999855317,
                            "count": 82822,
                            "self": 301.12061609781813,
                            "children": {
                                "SubprocessEnvManager._take_step": {
                                    "total": 50.20169688889291,
                                    "count": 82822,
                                    "self": 4.197418690891936,
                                    "children": {
                                        "TorchPolicy.evaluate": {
                                            "total": 46.004278198000975,
                                            "count": 55559,
                                            "self": 46.004278198000975
                                        }
                                    }
                                },
                                "workers": {
                                    "total": 1.2149869988206774,
                                    "count": 82822,
                                    "self": 0.0,
                                    "children": {
                                        "worker_root": {
                                            "total": 514.70812108065,
                                            "count": 82822,
                                            "is_parallel": true,
                                            "self": 306.15554673573934,
                                            "children": {
                                                "steps_from_proto": {
                                                    "total": 0.0003651999868452549,
                                                    "count": 1,
                                                    "is_parallel": true,
                                                    "self": 0.00014389993157237768,